{"count":1,"self":29.2295968,"total":50.405913,"children":{"InitializeActuators":{"count":1,"self":0.0015119999999999999,"total":0.0015119999999999999,"children":null},"InitializeSensors":{"count":1,"self":0.0011589999999999999,"total":0.0011589999999999999,"children":null},"AgentSendState":{"count":50101,"self":0.133278,"total":0.531407,"children":{"CollectObservations":{"count":10101,"self":0.205735,"total":0.205735,"children":null},"WriteActionMask":{"count":10101,"self":0.011264999999999999,"total":0.011264999999999999,"children":null},"RequestDecision":{"count":10101,"self":0.026338999999999998,"total":0.18112899999999998,"children":{"AgentInfo.ToProto":{"count":10101,"self":0.030389,"total":0.15478999999999998,"children":{"GenerateSensorData":{"count":10101,"self":0.124401,"total":0.124401,"children":null}}}}}}},"DecideAction":{"count":50101,"self":20.4529472,"total":20.452946999999998,"children":null},"AgentAct":{"count":50101,"self":0.18637199999999998,"total":0.187804,"children":{"AgentInfo.ToProto":{"count":100,"self":0.000323,"total":0.001432,"children":{"GenerateSensorData":{"count":100,"self":0.001109,"total":0.001109,"children":null}}}}}},"gauges":{"BallCatcher.CumulativeReward":{"count":100,"max":12.3792515,"min":-3.08606958,"runningAverage":9.937251,"value":11.1626234,"weightedAverage":9.720757}},"metadata":{"timer_format_version":"0.1.0","start_time_seconds":"1673974553","unity_version":"2020.3.6f1","command_line_arguments":"\/home\/beaussant\/dev_mlagents\/min_ml-agents\/ml-agents\/mlagents\/trainers\/envs\/BallCatcher_Braccio_training.x86_64 -nographics -batchmode --mlagents-port 5035 -evalMode false","communication_protocol_version":"1.5.0","com.unity.ml-agents_version":"2.0.0-pre.3","scene_name":"BallCatcherTask","end_time_seconds":"1673974603"}}