{"count":1,"self":211.73899519999998,"total":212.191849,"children":{"InitializeActuators":{"count":1,"self":0.002655,"total":0.002655,"children":null},"InitializeSensors":{"count":1,"self":0.0022979999999999997,"total":0.0022979999999999997,"children":null},"AgentSendState":{"count":10572,"self":0.08524799999999999,"total":0.254731,"children":{"CollectObservations":{"count":2115,"self":0.15398399999999998,"total":0.15398399999999998,"children":null},"WriteActionMask":{"count":2115,"self":0.0057139999999999995,"total":0.0057139999999999995,"children":null},"RequestDecision":{"count":2115,"self":0.009785,"total":0.009785,"children":null}}},"DecideAction":{"count":10572,"self":0.074933,"total":0.074933,"children":null},"AgentAct":{"count":10572,"self":0.11612399999999999,"total":0.11612399999999999,"children":null}},"gauges":{"BallCatcher.CumulativeReward":{"count":89,"max":1,"min":0,"runningAverage":0.0112359552,"value":0,"weightedAverage":0.0593261719}},"metadata":{"timer_format_version":"0.1.0","start_time_seconds":"1674152903","unity_version":"2020.3.6f1","command_line_arguments":"\/home\/beaussant\/dev_mlagents\/min_ml-agents\/ml-agents\/mlagents\/trainers\/envs\/BallCatcher_Braccio_testing.x86_64","communication_protocol_version":"1.5.0","com.unity.ml-agents_version":"2.0.0-pre.3","scene_name":"BallCatcherTask","end_time_seconds":"1674153115"}}