{"count":1,"self":11.526153599999999,"total":20.902136,"children":{"InitializeActuators":{"count":1,"self":0.00149,"total":0.00149,"children":null},"InitializeSensors":{"count":1,"self":0.0011639999999999999,"total":0.0011639999999999999,"children":null},"AgentSendState":{"count":20590,"self":0.056750999999999996,"total":0.32122999999999996,"children":{"CollectObservations":{"count":4159,"self":0.16211699999999998,"total":0.16211699999999998,"children":null},"WriteActionMask":{"count":4159,"self":0.0050079999999999994,"total":0.0050079999999999994,"children":null},"RequestDecision":{"count":4159,"self":0.012494,"total":0.097354,"children":{"AgentInfo.ToProto":{"count":4159,"self":0.014131999999999999,"total":0.084859999999999991,"children":{"GenerateSensorData":{"count":4159,"self":0.070728,"total":0.070728,"children":null}}}}}}},"DecideAction":{"count":20590,"self":8.955889599999999,"total":8.95589,"children":null},"AgentAct":{"count":20590,"self":0.092815,"total":0.094646,"children":{"AgentInfo.ToProto":{"count":100,"self":0.000329,"total":0.001831,"children":{"GenerateSensorData":{"count":100,"self":0.0015019999999999999,"total":0.0015019999999999999,"children":null}}}}}},"gauges":{"BallCatcher.CumulativeReward":{"count":100,"max":1,"min":1,"runningAverage":1,"value":1,"weightedAverage":1}},"metadata":{"timer_format_version":"0.1.0","start_time_seconds":"1680983284","unity_version":"2020.3.6f1","command_line_arguments":"\/home\/beaussant\/dev_mlagents\/LS_UNN_mlagents\/envs\/BallCatcher_UR10_testing.x86_64 -nographics -batchmode --mlagents-port 5045 -logFile log\/Player-40.log -evalMode false","communication_protocol_version":"1.5.0","com.unity.ml-agents_version":"2.0.0-pre.3","scene_name":"BallCatcherTask","end_time_seconds":"1680983305"}}